1,Rautenstrauch,Francoise,LJTR27ZLS6,francoise.rautenstrauch@rautenstrauch.com
2,Loud,Kendra,IE01304S9I,kloud@gmail.com
3,Bauswell,Lourdes,XFYS600ES6,lourdes_bauswell@aol.com
4,Edmison,Hannah,0KOU3I1IHK,Hannah4
5,Loeza,Tom,BTPQA5L1XD,Tom5
6,Kramarczyk,Queenie,6TQIQG9TD8,Queenie6
7,Portaro,Hui,4EBVH3LJ5I,Hui7
8,Opitz,Josefa,ZE1KA274SW,Josefa8
9,Steinhaus,Lea,OHU2U54T0X,lsteinhaus@cox.net
10,Vielma,Paola,8FK08C49UB,Paola10
11,Bresser,Hortencia,GOH0T5L7SL,hbresser@aol.com
12,Tijerina,Leanna,D37E4XWKKV,Leanna12
13,Pride,Danilo,5R7FRORIDP,Danilo13
14,Marcille,Huey,AZAZ9N9LR3,huey.marcille@gmail.com
15,Warne,Apolonia,X5DS4RO3AV,apolonia@gmail.com
16,Lagos,Chandra,YKAY7K9PWK,chandra.lagos@lagos.org
17,Pacholec,Crissy,36R4GS4REP,Crissy17
18,Branin,Gianna,5DQF10SVUZ,Gianna18
19,Billa,Valentin,RDUHY2D9YG,vbilla@yahoo.com
20,Dudash,Ilona,OI79L2UWXH,idudash@dudash.com
21,Lablanc,Willard,AQY7JNXY4W,Willard21
22,Randol,Lauryn,0DY2JRII79,Lauryn22
23,Begin,Laurena,O64LZT38OW,laurena.begin@begin.com
24,Michelle,Elise,KV0AYNCUNB,elise@gmail.com
25,Kardell,Corrie,QAFQ6B06T2,Corrie25
26,Rabuse,Kimberely,OFKQTLXSN1,Kimberely26
27,Violett,Tish,0YY3ARJNZT,Tish27
28,Stanfield,Hollis,J9AICDHJSZ,hollis.stanfield@aol.com
29,Christmann,Andree,HQ36PJ00WH,andree.christmann@cox.net
30,Fucillo,Lyla,8VS4BVBRQJ,lyla_fucillo@cox.net
31,Yafuso,Felton,XJ3D3RIIAW,felton.yafuso@gmail.com
32,Polino,Dell,KVRDXM2E1P,Dell32
33,Leko,Nohemi,41WZI9BCKJ,nohemi@aol.com
34,Lembke,Tambra,1KVMIMZQZ8,Tambra34
35,Maikoksoong,Vicki,J6B3EZQU82,Vicki35
36,Airhart,Renato,RMIWIGKC1S,Renato36
37,Darbro,Lenita,P2LF7DI3RJ,lenita@yahoo.com
38,Hagen,Barney,O62X8ZINI2,Barney38
39,Armacost,Matthew,3G2FE5T43C,Matthew39
40,Nelton,Belen,TS0DUBXUPA,Belen40
41,Wardle,Iesha,A5252RMSQ4,Iesha41
42,Sarchet,Francesco,JLZ1703TS5,francesco@hotmail.com
43,Rhule,Paulene,SO6EZSGGLT,paulene_rhule@rhule.org
44,Hughlett,Carole,YNMWT49XLP,carole_hughlett@hughlett.com
45,Dunning,Miss,B2UOBLAYKD,Miss45
46,Hinsch,Elfrieda,98VOXR9VRE,Elfrieda46
47,Calzado,Edelmira,3IVLFRMLUY,Edelmira47
48,Wasurick,Jaime,ML6NYFVL45,Jaime48
49,Hua,Lera,637RP2G4UA,lhua@aol.com
50,Mastro,Jame,FJE0IYT3P0,jmastro@aol.com
51,Hailstone,Jillian,V1J41Z24QS,jhailstone@yahoo.com
52,Zarling,Louis,4006QMS3IG,louis@zarling.com
53,Mcshaw,Emmett,AHGGGPAJYY,Emmett53
54,Sams,Tammy,GCOWH7EP60,Tammy54
55,Wylie,Willis,VKQKIE8LXY,Willis55
56,Brzozowski,Maxima,UX33HFVP4S,mbrzozowski@aol.com
57,Latif,Boris,0RP4WE13WN,Boris57
58,Knavel,Salina,QLRRA7RW4U,Salina58
59,Dini,Justa,9QVRFDR8WK,justa.dini@hotmail.com
60,Wolfgang,Amalia,RNUQHOGS97,Amalia60
61,Tutterrow,Felix,LIG5B2B3SR,ftutterrow@tutterrow.org
62,Mcglocklin,Eura,7EZD7MR3XL,eura@mcglocklin.org
63,Heuring,Lang,BD4ED8K1PS,Lang63
64,Lakatos,Agustin,FJ26511LDK,Agustin64
65,Lowrance,Jaime,8EJ2WBGDPP,Jaime65
66,Gudiel,Carman,M8HKELZBLN,carman@gmail.com
67,Hofbauer,Argelia,Z8G3OWSNO9,argelia.hofbauer@cox.net
68,Cisney,Mammie,53ZS40DTJW,mammie@cox.net
69,Menino,Rashad,QUMAC72R1L,Rashad69
70,Bastain,Janna,CZBJ60Q7NB,janna@bastain.com
71,Neikirk,Callie,5Z5UM8FE0P,callie.neikirk@neikirk.org
72,Helmcamp,Coral,XC5Q85KW9F,Coral72
73,Mushero,Xenia,0YV72MYZGH,xenia@aol.com
74,Nitcher,Adelle,805V1T3HF0,Adelle74
75,Wehrwein,Hildegarde,ZPROYT3BG2,Hildegarde75
76,Sugai,Phuong,N3IOCEQ4XZ,psugai@gmail.com
77,Lafoy,Leontine,Z42TYQKVZV,Leontine77
78,Mcalarney,Darell,EBNZ8L9L1V,darell_mcalarney@mcalarney.com
79,Landman,Madonna,00OM3FKEYB,Madonna79
80,Berggren,Chuck,2MLY9DANXP,chuck@gmail.com
81,Epperheimer,Gregg,XXA3Z2HXGG,gepperheimer@aol.com
82,Bubrig,Yan,OOVT3CF7KR,Yan82
83,Garlett,Stephanie,X07PDUG4OH,stephanie.garlett@gmail.com
84,Stenquist,Alberto,KZBGOFIDLP,alberto_stenquist@stenquist.org
85,Shivers,Wayne,22YGBJ8BG8,wayne@aol.com
86,Bothe,Kristal,RG0RZCQV24,Kristal86
87,Stadel,Florencia,RBNXLQM90G,fstadel@gmail.com
88,Tumolillo,Darrin,KBVEA94H5F,Darrin88
89,Rudig,Freeman,J4JDBMOVVX,freeman@yahoo.com
90,Mollison,Lazaro,IA8TLZE3EM,Lazaro90
91,Rieg,Ellsworth,Y5XIF6Q8S8,Ellsworth91
92,Mrkvicka,Brinda,T3RDLAN2LQ,Brinda92
93,Mackedanz,Florinda,SHWVZQ7L40,Florinda93
94,Swartzbeck,Nadine,55X1GRDF7J,Nadine94
95,Torchio,Arlette,PVG1OD1C9Z,Arlette95
96,Krivanec,Adolph,S297WIG09V,akrivanec@hotmail.com
97,Colbath,Georgiana,YFGURTV2RM,gcolbath@hotmail.com
98,Lehn,Rana,A4GI6DPU5U,Rana98
99,Morgan,Chi,KQYXJ82NML,chi@gmail.com
100,Prothro,Starr,OERNEB852X,Starr100
101,Roseum,Glennis,21U1M9UCS0,Glennis101
102,Petermeier,Thea,6ECSG6ZN8B,Thea102
103,Persechino,Rosalind,1OVJN33RN3,Rosalind103
104,Tapian,Shenika,ZNSZK9E8ZL,shenika.tapian@aol.com
105,Vandeberg,Veta,VLFV2OWR87,vvandeberg@gmail.com
106,Geneseo,Herschel,JT6DEPQVHP,Herschel106
107,Tomasic,Dianne,EZXJCFBX2Z,dianne@yahoo.com
108,Gerten,Micah,I7BJ5TUT3K,Micah108
109,Alaibilla,Kaycee,BL3AHBKRJX,kaycee.alaibilla@yahoo.com
110,Brang,Tesha,85TE25X1JQ,tesha@aol.com
111,Chhour,Marya,K4GCU58KKY,Marya111
112,Kettelle,Ronnie,FCOF590AFT,Ronnie112
113,Fower,Mabel,9TQ7COELJE,Mabel113
114,Works,Harley,MY0GFSRCD0,harley@cox.net
115,Nedman,Joye,PTJ8ENDEAP,Joye115
116,Harnish,Luisa,TQX7CXH40G,Luisa116
117,Lortz,Stacey,UUQIJH2PWX,stacey_lortz@aol.com
118,Mesmer,Reyes,1FLU9F27WE,Reyes118
119,Demus,Avery,GUCFAYGSPH,Avery119
120,Scotts,Colby,E96HX8LM6Z,Colby120
121,Wrinkle,Afton,CICMLRG52N,Afton121
122,Sifford,India,4WP1LLZZH4,India122
123,Coin,Brunilda,0RNXZM7HYA,brunilda_coin@aol.com
124,Emanuel,Jenifer,ZBWTADZSLL,Jenifer124
125,Nosis,Makeda,X9UEYHO7RV,Makeda125
126,Oppy,Vivan,D06B8UHYVJ,Vivan126
127,Gazzola,Eric,GU967HOSJR,eric@cox.net
128,Davirro,Thersa,14P8JUVTDX,Thersa128
129,Presnal,Mindy,9D381495E9,Mindy129
130,Metzner,Luis,HNVWANKH9M,lmetzner@metzner.org
131,Mcloud,Dawne,G6WHEFQMML,Dawne131
132,Kinikini,Karrie,UCGIMZ6E6S,Karrie132
133,Hermon,Mozelle,1MJB9V3O5X,Mozelle133
134,Hair,Mila,G2FAXMIKRM,mhair@cox.net
135,Jefferys,Gilma,FE0SMHS5V6,gjefferys@aol.com
136,Mcduffie,Armanda,LRKQ9BO3HK,armanda.mcduffie@hotmail.com
137,Normandeau,Vonda,G69V9MWQ6B,vonda@yahoo.com
138,Mondale,Truman,ODH704K6W0,truman.mondale@aol.com
139,Tenuta,Elvis,3B01FPIK6X,Elvis139
140,Dedaj,Loise,NWUC3UP3UJ,Loise140
141,Pedder,Jannette,1IMDLQ76EO,jpedder@pedder.com
142,Rand,Margo,4XLH7VGHIQ,Margo142
143,Benett,Dahlia,X4INLOKRY9,Dahlia143
144,Mckeon,Dominga,8Z51K9YH55,Dominga144
145,Keomuangtai,Hollis,JYGVNTAHNE,hollis.keomuangtai@cox.net
146,Ziller,Carry,PJS372QFCH,carry@cox.net
147,Fears,Bong,BWHL565IQQ,bfears@fears.org
148,Staiano,Yolande,W4P3V7USEC,Yolande148
149,Hegdahl,Lottie,K5LG693T8G,lottie_hegdahl@aol.com
150,Kylish,Jose,FOPJSLVW87,Jose150
151,Abramovitz,Tuyet,22UDRQQBV2,tuyet.abramovitz@abramovitz.com
152,Provenzano,Pearline,EZAZX7DEQE,pearline.provenzano@provenzano.org
153,Hankison,Robt,5JBFXWBGJJ,robt_hankison@cox.net
154,Kesten,Shawnee,4P4EJM9JNJ,Shawnee154
155,Quinones,Lacresha,YM9ZIADTU8,Lacresha155
156,Vinroe,Basilia,A4SOUPI2X7,basilia.vinroe@gmail.com
157,Areizaga,Aleisha,DBDOLJUGAJ,aareizaga@hotmail.com
158,Tryninewski,Frank,PLCIT61YG7,ftryninewski@gmail.com
159,Steinhorst,Ria,L1BW7Y33TW,Ria159
160,Kallenberger,Carla,SVXB2Z1A2Y,carla@aol.com
161,Skahan,Lashanda,7PBO97H3UK,Lashanda161
162,Catalina,Jarod,WJCK3ZY263,jcatalina@aol.com
163,Rabago,Leoma,ZAZW5DCGRO,Leoma163
164,Greeves,Yasuko,XZTBPF80D0,ygreeves@cox.net
165,Snelling,Jimmie,XM1J82PEPR,Jimmie165
166,Dugre,Titus,MV90X6SMTA,Titus166
167,Teoh,Joanne,F6B3ZE331F,joanne@yahoo.com
168,Groom,Suzi,0YZVXSD4UB,Suzi168
169,Amazan,Denny,DT3GU078U5,Denny169
170,Coughlan,Willie,7MG0ATONEF,Willie170
171,Brake,Margurite,IDTH7QFROF,margurite.brake@yahoo.com
172,Romack,Arlen,5GU5ZYOGO0,arlen.romack@yahoo.com
173,Corna,Shaniqua,MWTS0P4BVR,shaniqua@yahoo.com
174,Boccard,William,UFPQ549CZG,william@gmail.com
175,Riviere,Silva,QMTBNJD4VU,Silva175
176,Haberle,Gearldine,SGM31J19PI,gearldine_haberle@hotmail.com
177,Aja,Azalee,O2KVE3XXT7,Azalee177
178,Plikerd,Kimbery,AMTJ01SY7I,Kimbery178
179,Kratt,Ricarda,AC5OV0VR05,rkratt@yahoo.com
180,Massay,Macy,SXL1L27PT5,Macy180
181,Normington,Carol,G59YNTISNG,carol@gmail.com
182,Czaplinski,Blythe,FDH70PSYVC,Blythe182
183,Tesseneer,Tanesha,8X5WKFQMC8,Tanesha183
184,Orndoff,Yaeko,L57K4661A9,yaeko_orndoff@orndoff.org
185,Lorenz,Broderick,C24FX83KAV,broderick_lorenz@hotmail.com
186,Shadle,Twila,KGZDXPTFRT,Twila186
187,Pead,Sarina,28XG9RR1EX,Sarina187
188,Peets,Candra,X2H46A6EAY,Candra188
189,Aprigliano,Von,VG6FZH6YCQ,von@aol.com
190,Verso,Natalya,IUPMFBD9OD,Natalya190
191,Rigazio,Stanton,WN4C0M5KZ9,Stanton191
192,Larner,Dona,CDX100RV79,Dona192
193,Choice,Cortney,3RI3V18K7Q,Cortney193
194,Betterton,Ira,W4218NVN9C,ira.betterton@yahoo.com
195,Pickle,Vanna,HML3DNEZ9V,Vanna195
196,Sabota,Bo,IN4M896T55,Bo196
197,Corners,Nathalie,89OKNAPVVN,Nathalie197
198,Lockamy,Rodney,V2UQVJZOQ5,rodney_lockamy@aol.com
199,Hairr,Elena,HBI4OYTODC,Elena199
200,Kraatz,Blossom,O5V7FZ34E6,blossom_kraatz@kraatz.org
201,Griepentrog,Loreen,4NRGQCHGBX,Loreen201
202,Keirnan,Tayna,MX3Q6HPJ3L,Tayna202
203,Planty,Nieves,CENEPWAFZB,Nieves203
204,Robinault,Glenn,S7YTJW28ZV,Glenn204
205,Racer,Julianna,3ZG77PDV83,jracer@cox.net
206,Nitchals,Ashton,O86UKMNMLS,Ashton206
207,Scovil,Shaun,Z8Z7QXZK66,Shaun207
208,Shintaku,Long,J8SVOYS22F,long.shintaku@shintaku.org
209,Meir,Vinnie,U7OBG3A1MB,Vinnie209
210,Flipp,Lucia,UWQTORKNW0,lucia@aol.com
211,Ivaska,Corazon,TUHICG4WJ5,corazon@ivaska.org
212,Perugini,Jaime,3AX5OWYG8V,jaime_perugini@perugini.com
213,Stakes,Miriam,XINJJED6QU,miriam.stakes@yahoo.com
214,Nigl,Vallie,IYO2VVWYR6,vallie@yahoo.com
215,Isachsen,Sheldon,50K2QPCCU3,sheldon@isachsen.org
216,Balonek,Nickie,T9L3HFA3E9,Nickie216
217,Caneles,Fletcher,V8HVU415KI,fcaneles@caneles.com
218,Eisert,Rutha,DG48Y5KM3Z,rutha@eisert.com
219,Geigel,Brandon,46S3QHAX60,bgeigel@gmail.com
220,Lamme,Franchesca,EWZXPB8UEX,franchesca_lamme@yahoo.com
221,Naddeo,Lorriane,FGEJFGWJBC,Lorriane221
222,Berson,Asuncion,G6WC9J1ALN,aberson@aol.com
223,Hoerter,Georgiann,2ZFJJGCSFG,georgiann_hoerter@hoerter.com
224,Bultron,Hershel,LVDWH6VPU6,Hershel224
225,Collopy,Chu,3QALLSLR4R,chu@aol.com
226,Vosmus,Bettina,0QS75JS2EK,bettina@hotmail.com
227,Sport,Lynsey,VL0EZVLI6R,Lynsey227
228,Kuechler,Phil,N31SAQ7NZ2,Phil228
229,Nicks,Cordelia,SCG8C5O9DK,Cordelia229
230,Marrano,Georgeanna,IIZM97GYDL,gmarrano@gmail.com
231,Lanter,Rosendo,DT5T1W65MX,Rosendo231
232,Norcia,Jerilyn,500X3GNOMK,jerilyn@hotmail.com
233,Bakeley,Elfriede,THP1HDCVYZ,ebakeley@bakeley.com
234,Sheck,Harris,V95IZQRHOQ,Harris234
235,Beilinson,Leonor,R3XTFIT32Z,Leonor235
236,Waska,Terrilyn,MDJZ6SGADR,terrilyn_waska@hotmail.com
237,Foulds,Maddie,J41IA545HN,Maddie237
238,Anstead,Melynda,IF6FB3CG5Z,Melynda238
239,Thigpen,Odette,U9GLD8XPRK,othigpen@thigpen.com
240,Meinen,Steffanie,H2423X8R1Q,Steffanie240
241,Stimac,Antonette,AFOPVHODRG,Antonette241
242,Daneker,Thora,S1UCEVGM8M,tdaneker@daneker.com
243,Massanet,Nada,D3K3Y65SIB,nmassanet@yahoo.com
244,Dills,Ivette,XVT6JZJGBD,Ivette244
245,Delacerda,Devon,WC2L2WZGAL,Devon245
246,Tibbles,Lon,ZB0QSXUNJO,Lon246
247,Santanna,Tennie,NAA49CADIC,Tennie247
248,Vilven,Fidelia,YFHF6FO9XN,Fidelia248
249,Gunyan,Michal,ZMA5NEIZT8,Michal249
250,Yandow,Enola,U4QJHARO9N,Enola250
251,Mamudoski,Meghann,5WC3GVIWMZ,meghann@cox.net
252,Mattia,Latanya,S3SDDS0WZV,Latanya252
253,Firlik,Chandra,797HEB5DHS,chandra@gmail.com
254,Dewer,Barney,X40MQCS7J8,Barney254
255,Chreene,Ocie,NI82V02T7P,Ocie255
256,Dubray,Precious,Z2IGSIL4EL,precious.dubray@dubray.com
257,Laramie,Sanda,HBVO0WOZ92,Sanda257
258,Benavente,Gaynell,KGPKCQ8JBT,Gaynell258
259,Cutsforth,Bethanie,UBRJUMM2GU,bethanie_cutsforth@cutsforth.org
260,Capiga,Yvette,CG0E5CD7UK,yvette.capiga@yahoo.com
261,Blackmon,Alana,YCAR6GGZVH,ablackmon@gmail.com
262,Beachel,Lakeesha,Q8CKOJPYLT,Lakeesha262
263,Friedman,Ailene,J30T58FGFL,Ailene263
264,Madson,Valene,ZXYYKOWCYC,valene@madson.org
265,Bub,Floyd,S3FUCCRN5S,fbub@bub.com
266,Hatherly,Josue,NAC8SYW2BE,Josue266
267,Wadden,Johnathon,H39PA9YPUT,Johnathon267
268,Drizin,Kenneth,5ADKQ6UTEE,Kenneth268
269,Titzer,Leila,9M7GSWDAFF,leila_titzer@aol.com
270,Quinlisk,Marquetta,3E0H60CKGS,Marquetta270
271,Beliles,Annamae,8H25PT5ARM,abeliles@gmail.com
272,Dosal,An,0I6F0ZCKVA,adosal@hotmail.com
273,Cortesi,Karina,7COYD3POLF,Karina273
274,Luong,Otis,8GOSW5Y83P,Otis274
275,Kasperek,Brendan,5UALUD166A,brendan_kasperek@yahoo.com
276,Evartt,Keith,W0I0YWS6UY,Keith276
277,Arand,Paulina,UIYSSY4K0C,paulina_arand@cox.net
278,Welschmeyer,Cherelle,J6A710YG2Q,cherelle@hotmail.com
279,Neelon,Percy,KP4G8P92V0,Percy279
280,Storrs,Margot,077DG8YGJC,mstorrs@cox.net
281,Bellis,Paris,CE3J35ZPBC,paris@gmail.com
282,Masiejczyk,Sina,J49BN48ARV,smasiejczyk@cox.net
283,Selfe,Kimi,YXIXHE7CWQ,kimi@cox.net
284,Richrdson,Chun,LC3EJ2OW0T,chun_richrdson@richrdson.org
285,Thiemann,Lelia,W7Q3EFKXU3,lelia.thiemann@yahoo.com
286,Zinda,Cordell,A12IS71L3L,cordell_zinda@cox.net
287,Aitken,Dorothy,ISFV9IRURH,dorothy.aitken@cox.net
288,Mcelreath,Chauncey,MMBWNSZVSQ,chauncey.mcelreath@yahoo.com
289,Stropko,Tenesha,JOABSP9YRZ,Tenesha289
290,Lovero,Anjelica,T9JT23BBBM,anjelica@lovero.org
291,Adessa,Olga,P7572KGTPV,Olga291
292,Tindal,Monte,U8ADSHZKF9,monte@cox.net
293,Mccoskey,Pamela,BLEELBUFND,Pamela293
294,Lippoldt,Toshia,VWHQDTTKG8,Toshia294
295,Sandusky,Polly,HXSAUMHHDM,Polly295
296,Boerboom,Judy,O72EYJTT74,jboerboom@boerboom.com
297,Pritt,Celestine,7E3A3OKL24,Celestine297
298,Fode,Murray,L5C2VIJI1I,Murray298
299,Courter,Shoshana,BXWM3MBXAL,shoshana@courter.org
300,Pezley,Glendora,NIGHD25NI1,glendora.pezley@cox.net
301,Kana,Carlene,2OS577IA4Y,ckana@kana.com
302,Gilliam,Adria,IBR8SKSZ3U,adria_gilliam@cox.net
303,Perkins,Paola,IXZIB2W5HY,Paola303
304,Maury,Elina,M3INRH13Y0,Elina304
305,Dorio,Emile,S50FVQLIW3,Emile305
306,Lannigan,Zoila,48T761VPJ5,zlannigan@aol.com
307,Yestramski,Yong,H2BFGGQMPB,Yong307
308,Stalma,Leontine,N3B6OGUSMJ,lstalma@stalma.org
309,Dicus,Troy,J92FMHHCOL,troy_dicus@yahoo.com
310,Vanhuss,Annamaria,AQFWVNPN24,annamaria.vanhuss@cox.net
311,Lowther,Dorothea,LQKSDCBSQE,Dorothea311
312,Letran,Marion,QHCV35FINH,Marion312
313,Masso,Avery,H0B0LWFLJ7,avery.masso@hotmail.com
314,Bredernitz,Trinidad,4WL8OX3OWT,Trinidad314
315,Penso,Herminia,C7J0Y49YYQ,hpenso@cox.net
316,Bigaud,Val,E9H1JGZ866,Val316
317,Oviedo,Renay,3REJ1D1KK8,Renay317
318,Kotow,Buck,AQGLVG7IIW,Buck318
319,Rollison,Toi,09VNZWE3UI,toi_rollison@rollison.com
320,Pennel,Shanice,UI10X25T56,shanice.pennel@pennel.org
321,Ramerez,Oliva,M5IW5E1QH8,oramerez@yahoo.com
322,Crocker,Tamera,UZCWO48EBF,tcrocker@cox.net
323,Rather,Melvin,QYN579R17E,Melvin323
324,Fitzke,Essie,W6NG9WWJIF,essie_fitzke@fitzke.org
325,Knieper,Shay,I148AWY4PO,Shay325
326,Sensibaugh,Ruby,W8YQBSQRSL,ruby@sensibaugh.com
327,Doscher,Caren,AYQ7H944GP,Caren327
328,Amend,Frank,9A7NELU6H9,frank@yahoo.com
329,Frisinger,Lasandra,H4D2EMAB2F,Lasandra329
330,Frere,Sommer,0DTRDE6YNA,sfrere@yahoo.com
331,Mckeon,Gretchen,3BI8RRSRN7,Gretchen331
332,Marien,Providencia,47J8QN8JT2,providencia.marien@marien.com
333,Arnoldi,Lindsey,VXVBV9BDJ1,Lindsey333
334,Riesgraf,Romana,CZ0F56TD4Z,romana_riesgraf@hotmail.com
335,Logwood,Nobuko,JKPP6ION6N,nobuko.logwood@cox.net
336,Arredondo,Shawnna,8SD1308QA9,Shawnna336
337,Hathcox,Doyle,VTZQN2SHFW,doyle.hathcox@aol.com
338,Deppen,Jacinta,PCRZXJFARX,Jacinta338
339,Kuamoo,Tawanna,OT8WA2G9Y2,tawanna_kuamoo@gmail.com
340,Cloutier,Christa,78M6GBOKHO,Christa340
341,Kotz,Noe,TWA0OZWMDW,nkotz@kotz.org
342,Fajen,Ellen,GOP5VGFRK2,Ellen342
343,Pelletier,Tequila,D4S4V4Q3V3,tequila_pelletier@cox.net
344,Bonventre,Tawny,35369GZ09L,tbonventre@aol.com
345,Mcspedon,Rosalyn,XGAIRW4X8M,rosalyn.mcspedon@mcspedon.org
346,Miyata,Noble,NP2DQTVO8Q,Noble346
347,Hubbell,Lucille,R9WGVXGVQA,Lucille347
348,Tuazon,Azzie,BQKKYH31N3,Azzie348
349,Arau,Darci,ONNAJFF3IC,darci@cox.net
350,Suman,King,OUSL6B16WQ,King350
351,Zeanah,Denny,N04VBGW3WU,Denny351
352,Frayer,Anissa,LTEMAPXZP4,Anissa352
353,Heinricher,Rosann,BWSXF73CO0,Rosann353
354,Rippy,Jeannine,22VUV6PEQT,jeannine_rippy@rippy.com
355,Casteneda,Lashaun,DSV9HI87E9,Lashaun355
356,Walen,Miesha,22CDKYWLZZ,miesha@aol.com
357,Kountz,Marva,CDLSIVQDPN,Marva357
358,Lamastus,Dion,GZI2S26R19,dion_lamastus@lamastus.com
359,Sarkin,Hassie,KIQGLNTCYB,Hassie359
360,Perry,Jin,0HPLT9TGAZ,Jin360
361,Peth,Demetra,1MWJIHHN5F,demetra_peth@aol.com
362,Benauides,Irene,F3VNM55EQ5,irene.benauides@gmail.com
363,Pesqueira,Colton,GR0XN7YVU4,cpesqueira@hotmail.com
364,Cilento,William,BYN9XUAAPM,William364
365,Cupit,Shannan,4HBZQNV3FB,shannan@cox.net
366,Kast,Shelba,635R7DB31K,Shelba366
367,Diebold,Dorcas,JF1OIAS68E,Dorcas367
368,Wetherby,Rochell,BJ36FDA5L7,rwetherby@wetherby.org
369,Windell,Amber,X70AIA9D77,amber.windell@cox.net
370,Prinkey,Stefanie,FO6024L0YO,Stefanie370
371,Sharples,Kenia,JR07EV4CN7,kenia_sharples@hotmail.com
372,Libbey,Jacquline,4U6T0WGMGI,Jacquline372
373,Michelet,Lavina,BS6UU078FA,Lavina373
374,Kazar,Billi,3EU9NINIGI,Billi374
375,Leuthold,Aron,6CJ2VLSRYR,aron_leuthold@leuthold.com
376,Tartar,Annice,YPMSQ4NOWB,Annice376
377,Zarazua,Hyun,AQF480IIM3,hyun_zarazua@cox.net
378,Ogle,Shala,47URAMET5I,shala_ogle@ogle.org
379,Canonico,Shasta,P5MI8HOC3L,shasta_canonico@aol.com
380,Braseth,Wenona,G3W5ABXMON,wenona.braseth@braseth.org
381,Gallati,Marla,0HTR9I0E3W,mgallati@gmail.com
382,Palenik,Myra,2MCJN64XRQ,myra_palenik@palenik.com
383,Jacocks,Lawanda,MXANNOSXQF,Lawanda383
384,Kohlman,Curt,IPLPT018F3,Curt384
385,Finstad,Susy,QQCAULX6OJ,Susy385
386,Kaper,Kathrine,XEYDCPCZYP,kkaper@aol.com
387,Pospishil,Oneida,IYEODB1BCY,opospishil@aol.com
388,Perera,Allene,BCY6WA81LE,Allene388
389,Leahman,Leonardo,IB0I3SPZHI,leonardo@aol.com
390,Russi,Nakisha,0D3E6OIY68,nakisha_russi@russi.com
391,Rolling,Stephanie,XZSVWFZ48T,Stephanie391
392,Haycock,Florinda,QDWLTUS4U7,Florinda392
393,Geberth,Merri,EGS2TDGU19,Merri393
394,Vereen,Malcom,TPSRKPF7YT,Malcom394
395,Abney,Louvenia,I1GVF6ILCI,louvenia_abney@hotmail.com
396,Borlace,Alita,RURRFB9IO4,alita_borlace@yahoo.com
397,Ill,Noemi,280V3X9IID,Noemi397
398,Ancar,Nydia,5AYPFVSEWJ,nydia.ancar@ancar.com
399,Meisel,Hana,F4AZ2MLW5N,Hana399
400,Marrazzo,Noel,4R03ZQ0S38,Noel400
401,Rowe,Brice,Q8NVDPSPP5,brice_rowe@aol.com
402,Kitchens,Nguyet,7W2AX4M9PS,Nguyet402
403,Mair,Janae,BCZCY6WG7H,Janae403
404,Makley,Darrel,54VSB4X90M,Darrel404
405,Milionis,Genevieve,X4YE64T5D3,genevieve.milionis@hotmail.com
406,Bacho,Giovanna,LNHXHZRCG7,giovanna@cox.net
407,Spannuth,Shelton,LQZJUWXGEZ,shelton.spannuth@yahoo.com
408,Mahlum,Alison,BMX1VPQT1G,Alison408
409,Zufall,Maynard,EL0PUG4QBS,Maynard409
410,Bussert,Timothy,NPQ6YDZ2E1,timothy@bussert.com
411,Eddens,Viola,4MW9ZKDNST,veddens@eddens.org
412,Michon,Luann,MNLKCGJHES,Luann412
413,Goerke,Mable,314QIM9X6K,mable_goerke@cox.net
414,Kaea,Sabine,5BNPU2VA2O,Sabine414
415,Moltz,Dolores,WN7OJVUEGG,Dolores415
416,Suero,Hannah,1FL0PIUSBE,hsuero@yahoo.com
417,Blan,Sonia,JH6E8IW304,Sonia417
418,Stapels,Cletus,BCDEQGKWOE,Cletus418
419,Zoldak,Asha,LJT8K8F9GY,asha_zoldak@hotmail.com
420,Billow,Verlene,1PIW4IEX2B,Verlene420
421,Giglio,Yesenia,4NEBUOA0SN,yesenia@cox.net
422,Sine,Tayna,SGONGSWB93,tayna_sine@sine.com
423,Jobst,Verona,2L238JRE36,Verona423
424,Eggers,Denae,WQ2NWQ6PDM,Denae424
425,Montalgo,Rikki,TO3YQM5TQ3,rikki@montalgo.com
426,Weekly,Nan,RCSKE5JG14,nan@weekly.com
427,Despain,Sherell,2MK2EIS6DT,sdespain@hotmail.com
428,Brennick,Coral,A6UOBAP9V5,Coral428
429,Huelse,Phyliss,D94W46BYO2,phyliss_huelse@aol.com
430,Wida,Jesse,EMQ3BRXZXJ,Jesse430
431,Helander,Latonia,JQAPEYUSDJ,latonia@helander.com
432,Clozza,Aimee,J1NEFHMS6U,Aimee432
433,Staie,Marcelle,MZG7RRRHR0,Marcelle433
434,Schuring,Ilda,DHU6REWJKY,ilda_schuring@schuring.com
435,Klukken,Aileen,O9PNVC6LM7,Aileen435
436,Zeng,Davida,KW92RHN4FB,Davida436
437,Rubarts,Beata,5K2RMGTNLX,beata_rubarts@aol.com
438,Wieand,Angelyn,57YNC7YSOP,Angelyn438
439,Hummell,Claudio,BSM7IQVS65,Claudio439
440,Twyman,Krystal,ZBVFSKOROG,Krystal440
441,Echegoyen,Adela,ZOL03NESTL,adela.echegoyen@echegoyen.org
442,Phibbs,Ryan,65SGN1P9M0,Ryan442
443,Buettner,Edmond,NPBKYZTW9T,Edmond443
444,Emmert,Catina,BPXMQU5WTJ,Catina444
445,Pattengale,Milly,1RAGPYT17Y,Milly445
446,Erichsen,Jules,Z6MM3YADPA,jules@cox.net
447,Miklitz,Denna,SS0AB13TWH,dmiklitz@yahoo.com
448,Cesa,Willetta,7U956SCFXW,Willetta448
449,Magathan,Johna,PJHGFNUC8D,Johna449
450,Oliverson,Ollie,AYFKVQBWL0,Ollie450
451,Vitrano,Sherly,471JXLEXNL,Sherly451
452,Dishong,Kindra,FL21R53CJM,kdishong@gmail.com
453,Tentler,Vanda,VNDVBW5Z9Q,vanda_tentler@tentler.org
454,Fitgerald,Marshall,PEHLWMSRRF,Marshall454
455,Hasha,Kelvin,GIJ7W2A0CO,khasha@hotmail.com
456,Mathiasen,Darrin,W98G6W0KZ4,dmathiasen@hotmail.com
457,Mccarley,Susana,PA0B75JH3C,susana_mccarley@gmail.com
458,Nickelson,Wilson,77A8B2FW10,Wilson458
459,Talty,Malissa,QA6KGFQETJ,malissa@talty.org
460,Castillanos,Tandra,YY31RKF563,Tandra460
461,Sammon,Lorean,AWFJKXI2OU,lorean@yahoo.com
462,Oien,Desirae,QUPQKL7D4D,Desirae462
463,Cerao,Delsie,9DBZQ76E49,delsie.cerao@cerao.org
464,Elmquist,Mabel,YG5BAEVJRE,mabel_elmquist@elmquist.com
465,Purslow,Marnie,HJQTTXD83P,marnie.purslow@purslow.com
466,Granier,Rene,IA4G1I3E1V,rene@cox.net
467,Harnist,Trevor,TXVWBW9ZI4,Trevor467
468,Batdorf,Sharmaine,K2VI2GOOW6,Sharmaine468
469,Traux,Ricki,PK7CEHQLKF,ricki.traux@traux.com
470,Shufelt,Bernadine,WVKHAZSKIB,bernadine_shufelt@shufelt.org
471,Reider,Shad,2MNMLBG7LK,Shad471
472,Degennaro,Kenneth,IUHNSI4BSL,Kenneth472
473,Hennon,Marleen,7AG01CHPNJ,marleen_hennon@aol.com
474,Geitner,Joaquin,MB5P2F4H5E,Joaquin474
475,Stockham,Slyvia,KH37KMUE40,slyvia.stockham@aol.com
476,Bala,Kris,SU23VS7A7J,kris_bala@gmail.com
477,Diflorio,Gussie,7QDJRS71PT,Gussie477
478,Lillywhite,Lavelle,B352MS1AO7,lavelle.lillywhite@hotmail.com
479,Dermo,Bev,NXTCYKVOYC,Bev479
480,Digiovanni,Bette,U51MQM53GG,Bette480
481,Mccloud,Lajuana,OCOHGDR0S7,Lajuana481
482,Westervelt,Shakira,TIIQN5T2JI,Shakira482
483,Nickolich,Matt,1RL658M5UK,matt@gmail.com
484,Momplaisir,Clemencia,DRUMRUHSCK,Clemencia484
485,Ambert,Oliva,SG1PH0G6YU,Oliva485
486,Maye,Ranee,DEI53MNHGR,Ranee486
487,Eskew,Ming,6T43S7BJSO,Ming487
488,Peckens,Annice,SKNJ7QNPJA,apeckens@peckens.org
489,Frymark,Effie,BO70LWQXZ3,Effie489
490,Conger,Maricela,JBWPIR4IKM,mconger@aol.com
491,Plantenberg,Esteban,18HSKQCQDH,Esteban491
492,Wykle,Doretha,NYARM4V7KO,doretha@yahoo.com
493,Neitzke,Dorsey,QSFEDJNNGT,Dorsey493
494,Okuniewski,Amie,H1I50SQWCZ,Amie494
495,Berkoff,Bulah,KMNKJ58PSP,Bulah495
496,Delbosque,Erin,9OD36QQL5L,erin@cox.net
497,Marushia,Kassandra,QC2S7OJYHW,kassandra@gmail.com
498,Matsuno,Leslee,4Z7B87E15D,Leslee498
499,Dobler,Daniel,UN4NXQ3QFK,Daniel499
500,Unruh,Antonio,CSY5OJFZ5U,antonio.unruh@hotmail.com
