1,Rautenstrauch,Francoise,HWBS1OLCCU,Francoise1
2,Loud,Kendra,Q95O8SAGLN,kloud@gmail.com
3,Bauswell,Lourdes,7SHY2J893C,lourdes_bauswell@aol.com
4,Edmison,Hannah,HVU35UUS88,Hannah4
5,Loeza,Tom,LRW9UL3UBD,Tom5
6,Kramarczyk,Queenie,JN69TH7YX7,queenie.kramarczyk@kramarczyk.org
7,Portaro,Hui,1K1MQYVLEP,Hui7
8,Opitz,Josefa,Z7NAJ56WW0,josefa.opitz@opitz.org
9,Steinhaus,Lea,I4JFR7YBFL,lsteinhaus@cox.net
10,Vielma,Paola,CTFIQ3GF1M,paola_vielma@aol.com
11,Bresser,Hortencia,OUPSN01CUE,Hortencia11
12,Tijerina,Leanna,CTJB11DPWD,leanna@cox.net
13,Pride,Danilo,1Q5D9029VG,Danilo13
14,Marcille,Huey,LMLLG70HV5,huey.marcille@gmail.com
15,Warne,Apolonia,32TCG3WB7G,apolonia@gmail.com
16,Lagos,Chandra,MZ2MTV2HEA,chandra.lagos@lagos.org
17,Pacholec,Crissy,BRWAD0Q552,crissy@aol.com
18,Branin,Gianna,FVHQYX6A9Z,gianna@aol.com
19,Billa,Valentin,65QW398E74,Valentin19
20,Dudash,Ilona,O30CRRSLD8,idudash@dudash.com
21,Lablanc,Willard,U00390244D,wlablanc@yahoo.com
22,Randol,Lauryn,2E62AAAU7Q,Lauryn22
23,Begin,Laurena,EP9IKGD4WN,Laurena23
24,Michelle,Elise,ZJGAOD5B7V,Elise24
25,Kardell,Corrie,0FBVL9YHVA,corrie_kardell@aol.com
26,Rabuse,Kimberely,I8L05WU1YN,kimberely.rabuse@cox.net
27,Violett,Tish,QVRYVBW1Q1,tish.violett@violett.com
28,Stanfield,Hollis,YWGH1K8QKA,hollis.stanfield@aol.com
29,Christmann,Andree,X88G5UU907,andree.christmann@cox.net
30,Fucillo,Lyla,RMFHP8E27Z,lyla_fucillo@cox.net
31,Yafuso,Felton,WJTRX5CITX,felton.yafuso@gmail.com
32,Polino,Dell,H8XYJQC7JS,Dell32
33,Leko,Nohemi,O82JGP430Y,nohemi@aol.com
34,Lembke,Tambra,TB4QBVWVQW,Tambra34
35,Maikoksoong,Vicki,MA0SB649V8,Vicki35
36,Airhart,Renato,X3JCCQJHID,Renato36
37,Darbro,Lenita,KWVG97038N,Lenita37
38,Hagen,Barney,F8ACZUEE7V,barney@yahoo.com
39,Armacost,Matthew,4RJU56O4XJ,matthew_armacost@gmail.com
40,Nelton,Belen,8XC4CN2OG1,bnelton@gmail.com
41,Wardle,Iesha,DOPFKRIVVB,iesha@gmail.com
42,Sarchet,Francesco,J79DD4GGR5,francesco@hotmail.com
43,Rhule,Paulene,BA5XI6QWKK,paulene_rhule@rhule.org
44,Hughlett,Carole,VNP6QNP953,Carole44
45,Dunning,Miss,JAUEE0UQ5Q,mdunning@gmail.com
46,Hinsch,Elfrieda,LRUCUVFD52,Elfrieda46
47,Calzado,Edelmira,A81ERUVNA4,edelmira@hotmail.com
48,Wasurick,Jaime,J2CSECULAD,jaime_wasurick@hotmail.com
49,Hua,Lera,FU6KTLL6SU,Lera49
50,Mastro,Jame,C9RDHDSDCP,jmastro@aol.com
51,Hailstone,Jillian,Q9QDAH9RHJ,Jillian51
52,Zarling,Louis,ZPOFX2DXBW,Louis52
53,Mcshaw,Emmett,SNENEGV7SU,Emmett53
54,Sams,Tammy,N60PN3Q8HH,Tammy54
55,Wylie,Willis,2PCAD3D43C,willis@yahoo.com
56,Brzozowski,Maxima,OB4UVSRVGI,Maxima56
57,Latif,Boris,JYLXHKYXL9,Boris57
58,Knavel,Salina,TDX3JCC461,Salina58
59,Dini,Justa,T6CMELZEHG,justa.dini@hotmail.com
60,Wolfgang,Amalia,0N92T52GPP,Amalia60
61,Tutterrow,Felix,VXLGPRM51K,Felix61
62,Mcglocklin,Eura,LC6HDV9SX5,Eura62
63,Heuring,Lang,GB5V0XN6F4,lang@cox.net
64,Lakatos,Agustin,24H1O33QAJ,agustin.lakatos@hotmail.com
65,Lowrance,Jaime,CEZHJZS2D0,jaime.lowrance@lowrance.org
66,Gudiel,Carman,J016Q4CS4W,carman@gmail.com
67,Hofbauer,Argelia,0BT0CSJNYA,Argelia67
68,Cisney,Mammie,77F7O3PYS1,Mammie68
69,Menino,Rashad,7CZFMC85H4,Rashad69
70,Bastain,Janna,7IWNJWL5SU,Janna70
71,Neikirk,Callie,T335AK2ODK,callie.neikirk@neikirk.org
72,Helmcamp,Coral,K8A6UGV1RD,Coral72
73,Mushero,Xenia,RF3B3P4ET1,xenia@aol.com
74,Nitcher,Adelle,5QUCWKWCRB,anitcher@aol.com
75,Wehrwein,Hildegarde,2N6VDHC898,hwehrwein@gmail.com
76,Sugai,Phuong,M0PWPUSUSU,psugai@gmail.com
77,Lafoy,Leontine,DILZG2S0TB,Leontine77
78,Mcalarney,Darell,2KDWBA93Q7,Darell78
79,Landman,Madonna,5U1T3BM0QF,Madonna79
80,Berggren,Chuck,54Y45V1VI9,chuck@gmail.com
81,Epperheimer,Gregg,D6MOWCLVAP,Gregg81
82,Bubrig,Yan,VIAS9WYWEY,yan@cox.net
83,Garlett,Stephanie,TRG4ONFGYE,Stephanie83
84,Stenquist,Alberto,T6P9I7WCB6,Alberto84
85,Shivers,Wayne,BQYQ94BNEH,Wayne85
86,Bothe,Kristal,LAJ2ZMUS7Y,Kristal86
87,Stadel,Florencia,DXOEEUGLFE,Florencia87
88,Tumolillo,Darrin,ZUREBEIPC9,darrin@tumolillo.com
89,Rudig,Freeman,JZEADDU9SP,freeman@yahoo.com
90,Mollison,Lazaro,6VL7LCDIF4,Lazaro90
91,Rieg,Ellsworth,KGQ5ZQMS76,erieg@hotmail.com
92,Mrkvicka,Brinda,OUQ6PB7U27,Brinda92
93,Mackedanz,Florinda,4P5PFPVJ1R,florinda_mackedanz@mackedanz.org
94,Swartzbeck,Nadine,J5QJ4IK00Q,Nadine94
95,Torchio,Arlette,ISRIFDF85Q,Arlette95
96,Krivanec,Adolph,C7XASGWK14,akrivanec@hotmail.com
97,Colbath,Georgiana,6BE5IWWEP1,gcolbath@hotmail.com
98,Lehn,Rana,Z5LPMM2R48,rlehn@yahoo.com
99,Morgan,Chi,M1TJVBEUDQ,Chi99
100,Prothro,Starr,8MIW2ERISF,sprothro@prothro.com
101,Roseum,Glennis,WLGBBTAHXE,glennis.roseum@gmail.com
102,Petermeier,Thea,73QGUPGA5Z,Thea102
103,Persechino,Rosalind,2IM9LEQ17U,Rosalind103
104,Tapian,Shenika,9T5HKBIURZ,Shenika104
105,Vandeberg,Veta,LD9NNPNBRW,vvandeberg@gmail.com
106,Geneseo,Herschel,5SIP7O4TVY,herschel@geneseo.com
107,Tomasic,Dianne,3DPC37M0FK,Dianne107
108,Gerten,Micah,RZWDIIJ1QV,micah@cox.net
109,Alaibilla,Kaycee,L8HZ9LVYZE,kaycee.alaibilla@yahoo.com
110,Brang,Tesha,H2CPU6NM71,tesha@aol.com
111,Chhour,Marya,DFCA010FRD,Marya111
112,Kettelle,Ronnie,BHBI9LQYWC,Ronnie112
113,Fower,Mabel,XKXXDQ1E8S,Mabel113
114,Works,Harley,T3M28PKBZH,Harley114
115,Nedman,Joye,UM9WJBND9A,joye@cox.net
116,Harnish,Luisa,1UNDLXVLLL,lharnish@harnish.com
117,Lortz,Stacey,W2H2L9NUOS,Stacey117
118,Mesmer,Reyes,50TGL9Y59V,Reyes118
119,Demus,Avery,DQN6DGPW9D,Avery119
120,Scotts,Colby,VM66EFJB8C,Colby120
121,Wrinkle,Afton,QOJ6DBAG94,awrinkle@wrinkle.org
122,Sifford,India,QXL00WDK6O,India122
123,Coin,Brunilda,6XMBFP2K4P,Brunilda123
124,Emanuel,Jenifer,DEOID2L0RR,jemanuel@emanuel.com
125,Nosis,Makeda,ON4HEZBU20,makeda.nosis@yahoo.com
126,Oppy,Vivan,V4VISNV58E,Vivan126
127,Gazzola,Eric,QZ9SXROOXC,Eric127
128,Davirro,Thersa,G5TP88OQO4,thersa.davirro@aol.com
129,Presnal,Mindy,0UIVPBS037,mpresnal@yahoo.com
130,Metzner,Luis,2AFG8S9KQF,lmetzner@metzner.org
131,Mcloud,Dawne,JTZ9M6EQFJ,Dawne131
132,Kinikini,Karrie,6DRKIBQB3G,Karrie132
133,Hermon,Mozelle,B6KKEL2JHB,mozelle_hermon@cox.net
134,Hair,Mila,OEW692DX1K,Mila134
135,Jefferys,Gilma,1TXGTY0IA7,Gilma135
136,Mcduffie,Armanda,ZT5WRFH9LH,Armanda136
137,Normandeau,Vonda,H7LGY5L6JJ,vonda@yahoo.com
138,Mondale,Truman,20E910HWNP,Truman138
139,Tenuta,Elvis,MFLYOHL7DK,elvis_tenuta@tenuta.org
140,Dedaj,Loise,MQL8H6VDAP,Loise140
141,Pedder,Jannette,RFKIBMNYOX,Jannette141
142,Rand,Margo,JR3BTQR7XM,margo@rand.org
143,Benett,Dahlia,C6AH3WKUDW,dahlia_benett@aol.com
144,Mckeon,Dominga,J9HP35XROY,dominga_mckeon@yahoo.com
145,Keomuangtai,Hollis,KKC9U8A7N3,hollis.keomuangtai@cox.net
146,Ziller,Carry,V4NVJFIADT,Carry146
147,Fears,Bong,ZOH9JLOMST,Bong147
148,Staiano,Yolande,BB0NWNULI4,yolande_staiano@gmail.com
149,Hegdahl,Lottie,IN7MELWLIW,lottie_hegdahl@aol.com
150,Kylish,Jose,6DGLC18IPN,Jose150
151,Abramovitz,Tuyet,J6X3J60EHR,tuyet.abramovitz@abramovitz.com
152,Provenzano,Pearline,3TOPZEM2TH,pearline.provenzano@provenzano.org
153,Hankison,Robt,6J1O4E3XAU,Robt153
154,Kesten,Shawnee,CCLR8TKAY6,shawnee@yahoo.com
155,Quinones,Lacresha,OW1GUQNIBQ,Lacresha155
156,Vinroe,Basilia,YSJ7SW477C,basilia.vinroe@gmail.com
157,Areizaga,Aleisha,431E8O73WU,Aleisha157
158,Tryninewski,Frank,P68MMS4HE2,ftryninewski@gmail.com
159,Steinhorst,Ria,BS9KAYVC5O,ria.steinhorst@steinhorst.com
160,Kallenberger,Carla,3D5ID85CYP,Carla160
161,Skahan,Lashanda,CLQ768MLBU,Lashanda161
162,Catalina,Jarod,7EOB2VWB96,jcatalina@aol.com
163,Rabago,Leoma,9K4PTTG1K8,Leoma163
164,Greeves,Yasuko,6K7LDOTQ6L,Yasuko164
165,Snelling,Jimmie,6QM6J0CTXY,jimmie.snelling@gmail.com
166,Dugre,Titus,0T30Y2XJ9O,Titus166
167,Teoh,Joanne,7UFPNXLG56,Joanne167
168,Groom,Suzi,ELYYWCCS36,suzi.groom@groom.org
169,Amazan,Denny,W297UZI0II,Denny169
170,Coughlan,Willie,GDKEUUULK1,Willie170
171,Brake,Margurite,FMM6LX24B2,margurite.brake@yahoo.com
172,Romack,Arlen,VL96HXG011,arlen.romack@yahoo.com
173,Corna,Shaniqua,SMQNV6M2X6,Shaniqua173
174,Boccard,William,W4EELIAO5B,william@gmail.com
175,Riviere,Silva,VDDYNORFO8,Silva175
176,Haberle,Gearldine,RSM3WFNB7E,Gearldine176
177,Aja,Azalee,S6WIHV7OF4,azalee.aja@cox.net
178,Plikerd,Kimbery,5OCITJXGWG,kimbery.plikerd@cox.net
179,Kratt,Ricarda,1DWZP82KC4,Ricarda179
180,Massay,Macy,A98JJQC27F,macy@hotmail.com
181,Normington,Carol,336GBWTD63,Carol181
182,Czaplinski,Blythe,OXURFFCPBX,blythe_czaplinski@czaplinski.com
183,Tesseneer,Tanesha,9U0Y5EGMZL,Tanesha183
184,Orndoff,Yaeko,GV3DSXH6WB,Yaeko184
185,Lorenz,Broderick,I9E6QG62H8,broderick_lorenz@hotmail.com
186,Shadle,Twila,WSFVLWKC5S,tshadle@shadle.com
187,Pead,Sarina,7XPGSY5E3E,Sarina187
188,Peets,Candra,GTEV5FA2FH,Candra188
189,Aprigliano,Von,4MKUXCYL36,Von189
190,Verso,Natalya,JLL968VBI6,Natalya190
191,Rigazio,Stanton,47WZBYVTQ5,Stanton191
192,Larner,Dona,21BVWB6X2Z,Dona192
193,Choice,Cortney,14LEV02OVE,cortney.choice@choice.com
194,Betterton,Ira,WZNCYOAZ60,ira.betterton@yahoo.com
195,Pickle,Vanna,PSLV17QJU2,vanna_pickle@aol.com
196,Sabota,Bo,EXPUI74R0I,Bo196
197,Corners,Nathalie,L6DXPENG86,Nathalie197
198,Lockamy,Rodney,CS1SJQEU08,Rodney198
199,Hairr,Elena,3F1QJ5SU0J,Elena199
200,Kraatz,Blossom,HOKJAEBG20,blossom_kraatz@kraatz.org
201,Griepentrog,Loreen,GIG5D0YOL8,Loreen201
202,Keirnan,Tayna,ZRUN7MCAS2,tayna_keirnan@gmail.com
203,Planty,Nieves,WP5Q7W1UI6,nplanty@gmail.com
204,Robinault,Glenn,5M0HK333OE,glenn.robinault@cox.net
205,Racer,Julianna,MOI83UN9NC,jracer@cox.net
206,Nitchals,Ashton,3M0BMDMKQ6,Ashton206
207,Scovil,Shaun,T8127MZW7F,shaun_scovil@aol.com
208,Shintaku,Long,AGJJPBOLL5,Long208
209,Meir,Vinnie,TDQIUHKCMO,Vinnie209
210,Flipp,Lucia,HU6QFWCZLS,lucia@aol.com
211,Ivaska,Corazon,C1GTL98ECI,corazon@ivaska.org
212,Perugini,Jaime,KICDDUBON6,jaime_perugini@perugini.com
213,Stakes,Miriam,OYH788K1LK,miriam.stakes@yahoo.com
214,Nigl,Vallie,XKOSKRJ1BZ,vallie@yahoo.com
215,Isachsen,Sheldon,O24YM6D81S,sheldon@isachsen.org
216,Balonek,Nickie,93J19GDKDW,Nickie216
217,Caneles,Fletcher,HCZCCE1H5J,fcaneles@caneles.com
218,Eisert,Rutha,45VODRQ0RX,Rutha218
219,Geigel,Brandon,45BVWPNPET,bgeigel@gmail.com
220,Lamme,Franchesca,Z9L1VBV9RW,Franchesca220
221,Naddeo,Lorriane,TWBJPND422,Lorriane221
222,Berson,Asuncion,312F69JV7M,Asuncion222
223,Hoerter,Georgiann,FOH37FW34S,Georgiann223
224,Bultron,Hershel,D1GI2UB9IY,Hershel224
225,Collopy,Chu,9PMXAYGSGR,chu@aol.com
226,Vosmus,Bettina,MLCMNLF7X3,bettina@hotmail.com
227,Sport,Lynsey,KZT4S5T442,lynsey.sport@aol.com
228,Kuechler,Phil,AMAQ06JVHD,phil_kuechler@gmail.com
229,Nicks,Cordelia,0VOKFB1PJ8,cnicks@nicks.org
230,Marrano,Georgeanna,Z6NA06FS77,Georgeanna230
231,Lanter,Rosendo,MFLBGJWFVB,rosendo@hotmail.com
232,Norcia,Jerilyn,EAL42206WS,jerilyn@hotmail.com
233,Bakeley,Elfriede,80ACR9T6Y9,Elfriede233
234,Sheck,Harris,9C399QDWZS,Harris234
235,Beilinson,Leonor,21182MX7WQ,leonor.beilinson@hotmail.com
236,Waska,Terrilyn,0X3QWRXKBG,Terrilyn236
237,Foulds,Maddie,SI2X0MUWZP,maddie@hotmail.com
238,Anstead,Melynda,YEQX8AGLPR,Melynda238
239,Thigpen,Odette,6F46NN6ILQ,Odette239
240,Meinen,Steffanie,3N6EYBM9FK,Steffanie240
241,Stimac,Antonette,10UUGG8RXR,antonette_stimac@stimac.org
242,Daneker,Thora,I7C010BEY6,tdaneker@daneker.com
243,Massanet,Nada,BY88YKXHEV,Nada243
244,Dills,Ivette,PNHYFHPC9L,Ivette244
245,Delacerda,Devon,1HP5FRUFFA,Devon245
246,Tibbles,Lon,UX36PEXDV2,lon.tibbles@cox.net
247,Santanna,Tennie,HS9OAM746X,Tennie247
248,Vilven,Fidelia,HOXE8GIW5X,Fidelia248
249,Gunyan,Michal,MFYJFEW9MX,michal_gunyan@gunyan.com
250,Yandow,Enola,9IHMC1H4HW,Enola250
251,Mamudoski,Meghann,3Z914CBEKK,Meghann251
252,Mattia,Latanya,YA8MGXX664,Latanya252
253,Firlik,Chandra,Q7S5YS2YLH,Chandra253
254,Dewer,Barney,6DROXHXZIY,Barney254
255,Chreene,Ocie,5GS0CYUTAF,Ocie255
256,Dubray,Precious,C98JBBMAT3,Precious256
257,Laramie,Sanda,N1CYWC7B5F,slaramie@laramie.org
258,Benavente,Gaynell,39YDE9O9DI,Gaynell258
259,Cutsforth,Bethanie,GQVWXWZAB5,Bethanie259
260,Capiga,Yvette,T765DZUDOM,yvette.capiga@yahoo.com
261,Blackmon,Alana,490LTSF3G3,Alana261
262,Beachel,Lakeesha,2O9YNRYCQ3,Lakeesha262
263,Friedman,Ailene,IM7T3T12VD,ailene@yahoo.com
264,Madson,Valene,1H2LBR5KXU,Valene264
265,Bub,Floyd,IUJ8UX35RH,fbub@bub.com
266,Hatherly,Josue,016N5VW0GC,Josue266
267,Wadden,Johnathon,MV6ZD5KVI7,johnathon_wadden@hotmail.com
268,Drizin,Kenneth,0FR6SX40ND,kdrizin@aol.com
269,Titzer,Leila,DKKCMN2GPH,leila_titzer@aol.com
270,Quinlisk,Marquetta,PILUKXM4TO,marquetta_quinlisk@aol.com
271,Beliles,Annamae,0FPETO1TEC,Annamae271
272,Dosal,An,QIMV831YTF,An272
273,Cortesi,Karina,4MWYUU6W26,Karina273
274,Luong,Otis,RNJPH87XYA,oluong@gmail.com
275,Kasperek,Brendan,8GWBNH9WJ2,brendan_kasperek@yahoo.com
276,Evartt,Keith,WAOC6UAAFA,kevartt@evartt.com
277,Arand,Paulina,U85BEX0GCG,Paulina277
278,Welschmeyer,Cherelle,9CYPV67ZH1,Cherelle278
279,Neelon,Percy,EU47VRM55O,percy_neelon@cox.net
280,Storrs,Margot,CE9NVXUL04,Margot280
281,Bellis,Paris,0M4QMJLBF2,paris@gmail.com
282,Masiejczyk,Sina,Q4TUOGA4PJ,Sina282
283,Selfe,Kimi,N64LXUIPO5,kimi@cox.net
284,Richrdson,Chun,YB075Y7E05,chun_richrdson@richrdson.org
285,Thiemann,Lelia,BPQZPJMTVS,Lelia285
286,Zinda,Cordell,SF2IC2VDDM,cordell_zinda@cox.net
287,Aitken,Dorothy,525WN5YT8X,Dorothy287
288,Mcelreath,Chauncey,LO00X8WI3K,Chauncey288
289,Stropko,Tenesha,86DXIJ929S,tenesha.stropko@aol.com
290,Lovero,Anjelica,QLTGWXALKN,anjelica@lovero.org
291,Adessa,Olga,BFLI42CPJU,Olga291
292,Tindal,Monte,BW7CSRG8B9,Monte292
293,Mccoskey,Pamela,HPDLOGBN50,Pamela293
294,Lippoldt,Toshia,3IEJ8FAL4J,toshia_lippoldt@aol.com
295,Sandusky,Polly,WSO5K1SJBC,Polly295
296,Boerboom,Judy,18TZYUYN3L,jboerboom@boerboom.com
297,Pritt,Celestine,VP8QV807KZ,celestine_pritt@cox.net
298,Fode,Murray,5QEXTB1ZE4,mfode@yahoo.com
299,Courter,Shoshana,CQ49BE8YNA,shoshana@courter.org
300,Pezley,Glendora,R95Q2YTX91,Glendora300
301,Kana,Carlene,ZHAPYB0ABJ,ckana@kana.com
302,Gilliam,Adria,9J8YTYUPM5,adria_gilliam@cox.net
303,Perkins,Paola,56Y0DNOYDB,paola.perkins@aol.com
304,Maury,Elina,HCUZ0T5SN7,elina.maury@hotmail.com
305,Dorio,Emile,3BC258NLGB,edorio@cox.net
306,Lannigan,Zoila,ASOSK8CDNP,zlannigan@aol.com
307,Yestramski,Yong,4LVR9ZQXS1,yong_yestramski@aol.com
308,Stalma,Leontine,CMCZ3D3N81,lstalma@stalma.org
309,Dicus,Troy,IK28K9F8Q5,troy_dicus@yahoo.com
310,Vanhuss,Annamaria,3X88AWKLNY,Annamaria310
311,Lowther,Dorothea,VAU5LIQKJF,dorothea_lowther@yahoo.com
312,Letran,Marion,3709SAGVDA,marion_letran@cox.net
313,Masso,Avery,SNR2UIT3MB,Avery313
314,Bredernitz,Trinidad,WPPJBABMYV,trinidad@yahoo.com
315,Penso,Herminia,Q8NBXZSV8P,hpenso@cox.net
316,Bigaud,Val,NJMC92BJ2H,val_bigaud@aol.com
317,Oviedo,Renay,LPA1XTE293,renay.oviedo@oviedo.com
318,Kotow,Buck,P5VUT1CQ9T,buck_kotow@aol.com
319,Rollison,Toi,TLC7EGE6F0,toi_rollison@rollison.com
320,Pennel,Shanice,OPJ6MX1I2Z,shanice.pennel@pennel.org
321,Ramerez,Oliva,6USWDMEZ3D,oramerez@yahoo.com
322,Crocker,Tamera,AXMG58HOIO,tcrocker@cox.net
323,Rather,Melvin,T47VW9CIOE,Melvin323
324,Fitzke,Essie,YW3A2BSKOU,essie_fitzke@fitzke.org
325,Knieper,Shay,12IMAHSEDM,shay.knieper@gmail.com
326,Sensibaugh,Ruby,QQ03EMX84Y,Ruby326
327,Doscher,Caren,G6G2OUE4DY,cdoscher@doscher.org
328,Amend,Frank,HDZYZXTGC8,frank@yahoo.com
329,Frisinger,Lasandra,YHDZNF4M4X,Lasandra329
330,Frere,Sommer,FTEP6TEVVP,sfrere@yahoo.com
331,Mckeon,Gretchen,XIRUJQUJAS,Gretchen331
332,Marien,Providencia,7H5L2K1IPM,providencia.marien@marien.com
333,Arnoldi,Lindsey,5E3EITRKYC,larnoldi@arnoldi.com
334,Riesgraf,Romana,6VXNXU9904,romana_riesgraf@hotmail.com
335,Logwood,Nobuko,5R0ZWCZ7XF,nobuko.logwood@cox.net
336,Arredondo,Shawnna,CWJXS620Y0,sarredondo@arredondo.com
337,Hathcox,Doyle,05V9SIT443,Doyle337
338,Deppen,Jacinta,GMQ4Q0M83R,Jacinta338
339,Kuamoo,Tawanna,9EDRUK3HUX,tawanna_kuamoo@gmail.com
340,Cloutier,Christa,VGDE9DSRKS,ccloutier@hotmail.com
341,Kotz,Noe,VYJWLG24ID,nkotz@kotz.org
342,Fajen,Ellen,ONG4LTLVPB,ellen.fajen@aol.com
343,Pelletier,Tequila,0EJBSCN0B2,Tequila343
344,Bonventre,Tawny,K1CZ12G7I1,tbonventre@aol.com
345,Mcspedon,Rosalyn,D6BEDVTM8N,Rosalyn345
346,Miyata,Noble,KG2V8Q0EV2,noble_miyata@gmail.com
347,Hubbell,Lucille,YLVTWRZQLY,Lucille347
348,Tuazon,Azzie,TINDC9UJBW,azzie.tuazon@hotmail.com
349,Arau,Darci,TQW7CKJW5I,Darci349
350,Suman,King,5OC8ARF0AH,King350
351,Zeanah,Denny,Y4QZQ5FYX6,Denny351
352,Frayer,Anissa,8SP8U36KQF,afrayer@frayer.com
353,Heinricher,Rosann,6XFMRO66UZ,rosann_heinricher@heinricher.com
354,Rippy,Jeannine,0TNBPU52PZ,Jeannine354
355,Casteneda,Lashaun,RCSBXNW8PG,Lashaun355
356,Walen,Miesha,TH8T6HNGDL,miesha@aol.com
357,Kountz,Marva,0BTDGYGTHS,Marva357
358,Lamastus,Dion,H6ZMIW0TKQ,Dion358
359,Sarkin,Hassie,E4XK567LI6,hassie_sarkin@aol.com
360,Perry,Jin,ZTDCD89ZP5,jin_perry@gmail.com
361,Peth,Demetra,QB3HVPRPXI,Demetra361
362,Benauides,Irene,KIZUUOU3Y7,Irene362
363,Pesqueira,Colton,ZRB4WXDJSM,Colton363
364,Cilento,William,8YRAKTIVIV,william.cilento@gmail.com
365,Cupit,Shannan,Y5EOCT3RC2,shannan@cox.net
366,Kast,Shelba,T7E4XZW380,shelba.kast@yahoo.com
367,Diebold,Dorcas,Z4EV8UCQ92,Dorcas367
368,Wetherby,Rochell,5ER1K8W2FO,rwetherby@wetherby.org
369,Windell,Amber,V7JPSCS5UC,Amber369
370,Prinkey,Stefanie,EL1Z2B851B,Stefanie370
371,Sharples,Kenia,7BY5LID6Q1,kenia_sharples@hotmail.com
372,Libbey,Jacquline,I8GEHFBES1,jacquline@cox.net
373,Michelet,Lavina,RY8J75ECRL,lavina.michelet@michelet.org
374,Kazar,Billi,5N07UJWTQI,bkazar@hotmail.com
375,Leuthold,Aron,PMTQFFGIO8,aron_leuthold@leuthold.com
376,Tartar,Annice,ENUC4WSJJ0,Annice376
377,Zarazua,Hyun,12MGITNM31,Hyun377
378,Ogle,Shala,65ZYAOWQP2,shala_ogle@ogle.org
379,Canonico,Shasta,2KF6AYR9PA,shasta_canonico@aol.com
380,Braseth,Wenona,F9AM3YVVEL,wenona.braseth@braseth.org
381,Gallati,Marla,MPIUS5XI2M,Marla381
382,Palenik,Myra,W6EEZ1GHYC,Myra382
383,Jacocks,Lawanda,83K8W840NF,lawanda.jacocks@gmail.com
384,Kohlman,Curt,RVQHMQO02Z,Curt384
385,Finstad,Susy,35LQT8W1HE,sfinstad@aol.com
386,Kaper,Kathrine,OSB84PTM6I,kkaper@aol.com
387,Pospishil,Oneida,FQJJ0ZL13V,opospishil@aol.com
388,Perera,Allene,3DC7ETJ120,allene@yahoo.com
389,Leahman,Leonardo,RAV3RESLGR,Leonardo389
390,Russi,Nakisha,KARC57BOOV,Nakisha390
391,Rolling,Stephanie,0OMT5CTD4V,srolling@rolling.org
392,Haycock,Florinda,3O8YYBZZQX,florinda_haycock@cox.net
393,Geberth,Merri,7NU20O1A71,merri.geberth@geberth.com
394,Vereen,Malcom,R8VAYLG3NL,Malcom394
395,Abney,Louvenia,3GPGWY4054,Louvenia395
396,Borlace,Alita,BDJR3XPRNN,alita_borlace@yahoo.com
397,Ill,Noemi,41X18CVK0J,Noemi397
398,Ancar,Nydia,EB6F192VWI,nydia.ancar@ancar.com
399,Meisel,Hana,HR7M4LF0LV,Hana399
400,Marrazzo,Noel,X2GNC6ULAF,Noel400
401,Rowe,Brice,VKV68791FH,brice_rowe@aol.com
402,Kitchens,Nguyet,HYGVY0WAC7,Nguyet402
403,Mair,Janae,X43XK6AVEL,Janae403
404,Makley,Darrel,6M6PO0J0FQ,Darrel404
405,Milionis,Genevieve,IJBF9QEIK5,genevieve.milionis@hotmail.com
406,Bacho,Giovanna,5SQVH8X5QI,giovanna@cox.net
407,Spannuth,Shelton,Q2Q3B406FC,Shelton407
408,Mahlum,Alison,KKCLJ24Q0J,alison_mahlum@hotmail.com
409,Zufall,Maynard,12Z8BF9JEI,mzufall@gmail.com
410,Bussert,Timothy,NVAMZEQLPR,timothy@bussert.com
411,Eddens,Viola,XNP086A8JZ,Viola411
412,Michon,Luann,PEOJ0AZHSE,Luann412
413,Goerke,Mable,DX42YZ1GOJ,mable_goerke@cox.net
414,Kaea,Sabine,7YHWPA8L7W,sabine@gmail.com
415,Moltz,Dolores,3U5J6I4EQJ,Dolores415
416,Suero,Hannah,9PJBJJXCL9,Hannah416
417,Blan,Sonia,Q1JHRICM2E,sblan@blan.com
418,Stapels,Cletus,4WZO9QTSEW,Cletus418
419,Zoldak,Asha,9TPLODQNUB,Asha419
420,Billow,Verlene,ZJ1UBXNR65,vbillow@billow.com
421,Giglio,Yesenia,89BT91MHU3,Yesenia421
422,Sine,Tayna,R7GZAVWDDX,tayna_sine@sine.com
423,Jobst,Verona,94730I7BG1,verona_jobst@jobst.org
424,Eggers,Denae,YOQ1GQEDQM,Denae424
425,Montalgo,Rikki,Z0L9EYT515,Rikki425
426,Weekly,Nan,I5QMXADS64,nan@weekly.com
427,Despain,Sherell,WCHVZOMDIR,sdespain@hotmail.com
428,Brennick,Coral,035USTPWEQ,Coral428
429,Huelse,Phyliss,G3SWF3VOP2,Phyliss429
430,Wida,Jesse,T8M2QP6ZW4,jesse@wida.com
431,Helander,Latonia,8POQHG6OZU,latonia@helander.com
432,Clozza,Aimee,GWAOMB1CFO,aimee_clozza@clozza.org
433,Staie,Marcelle,N5L926W80X,Marcelle433
434,Schuring,Ilda,QZ90ADGXDU,Ilda434
435,Klukken,Aileen,E6ZWIHEQBE,aklukken@klukken.com
436,Zeng,Davida,YMH54YPGWQ,davida_zeng@yahoo.com
437,Rubarts,Beata,34CITXGJI1,Beata437
438,Wieand,Angelyn,OYE87J55D0,angelyn_wieand@wieand.com
439,Hummell,Claudio,MZOPPFZO98,claudio_hummell@hotmail.com
440,Twyman,Krystal,PLHKD2EX6D,ktwyman@gmail.com
441,Echegoyen,Adela,QGYAX8RSOU,adela.echegoyen@echegoyen.org
442,Phibbs,Ryan,M1GAJBPEM8,Ryan442
443,Buettner,Edmond,S16U8298EN,Edmond443
444,Emmert,Catina,QUC02K172X,catina@gmail.com
445,Pattengale,Milly,D35MNLOG6R,Milly445
446,Erichsen,Jules,WJLG6ABMKK,Jules446
447,Miklitz,Denna,LMSTTAI7ME,Denna447
448,Cesa,Willetta,L3ZR6FNNED,willetta_cesa@gmail.com
449,Magathan,Johna,RVP8JR7QVY,jmagathan@magathan.org
450,Oliverson,Ollie,V791FMMO9Z,Ollie450
451,Vitrano,Sherly,BUD481OBSX,svitrano@hotmail.com
452,Dishong,Kindra,8XQX70TEMR,Kindra452
453,Tentler,Vanda,QZ5FXDZIWM,vanda_tentler@tentler.org
454,Fitgerald,Marshall,J1UH956YB4,Marshall454
455,Hasha,Kelvin,9L4SW012E5,Kelvin455
456,Mathiasen,Darrin,PSHCRUY0DL,dmathiasen@hotmail.com
457,Mccarley,Susana,FQ36R087RJ,susana_mccarley@gmail.com
458,Nickelson,Wilson,XYS7ULI5NA,Wilson458
459,Talty,Malissa,6P8TDNZBGO,malissa@talty.org
460,Castillanos,Tandra,S0YTO2JGG0,tcastillanos@castillanos.com
461,Sammon,Lorean,P1FYMKVEQJ,lorean@yahoo.com
462,Oien,Desirae,J0JOGIB347,desirae.oien@hotmail.com
463,Cerao,Delsie,68TF5YLFEY,delsie.cerao@cerao.org
464,Elmquist,Mabel,Y4XH1QELZV,Mabel464
465,Purslow,Marnie,RNFNR4FOII,Marnie465
466,Granier,Rene,EMANMP8SAH,rene@cox.net
467,Harnist,Trevor,6F8EWN5XTH,Trevor467
468,Batdorf,Sharmaine,O2KK2UBW8W,Sharmaine468
469,Traux,Ricki,OAO15LXUQJ,ricki.traux@traux.com
470,Shufelt,Bernadine,7SEFM6Z3G9,Bernadine470
471,Reider,Shad,RKUQXH83SJ,Shad471
472,Degennaro,Kenneth,XHOMR4VX4P,Kenneth472
473,Hennon,Marleen,4UY1TSHILS,Marleen473
474,Geitner,Joaquin,HPTU2AXITS,joaquin_geitner@cox.net
475,Stockham,Slyvia,7BJ7LMMD4E,slyvia.stockham@aol.com
476,Bala,Kris,2D83VX0NDL,Kris476
477,Diflorio,Gussie,XVP7ZVVBZA,gussie_diflorio@cox.net
478,Lillywhite,Lavelle,DF6GSMYECK,lavelle.lillywhite@hotmail.com
479,Dermo,Bev,9HJYKQABM8,bev.dermo@dermo.com
480,Digiovanni,Bette,F5ROJP2U6Q,bette.digiovanni@digiovanni.org
481,Mccloud,Lajuana,PN4GW0FQJ1,lajuana_mccloud@hotmail.com
482,Westervelt,Shakira,WZWJZMBNJE,swestervelt@westervelt.org
483,Nickolich,Matt,DLNJKDQEF3,matt@gmail.com
484,Momplaisir,Clemencia,4A03BOCYTD,Clemencia484
485,Ambert,Oliva,YTE73LJQ66,oambert@gmail.com
486,Maye,Ranee,RUN9QCEKSP,ranee_maye@maye.com
487,Eskew,Ming,G4AX11WEOD,ming_eskew@eskew.com
488,Peckens,Annice,NJDA0P7ZBC,Annice488
489,Frymark,Effie,7LWOVHUSMF,Effie489
490,Conger,Maricela,B0A3FUIL3S,Maricela490
491,Plantenberg,Esteban,9PITJQKUE5,esteban@cox.net
492,Wykle,Doretha,IQGW696OGU,doretha@yahoo.com
493,Neitzke,Dorsey,1JI0R282AE,Dorsey493
494,Okuniewski,Amie,6G0W50OBWC,Amie494
495,Berkoff,Bulah,EA92NOCQDM,bulah.berkoff@cox.net
496,Delbosque,Erin,WXOUWH8ELD,erin@cox.net
497,Marushia,Kassandra,XQ3V3Y24RJ,kassandra@gmail.com
498,Matsuno,Leslee,D0CXSUUORN,leslee_matsuno@matsuno.org
499,Dobler,Daniel,JT4HWYJC19,ddobler@dobler.com
500,Unruh,Antonio,HVA90YJIU7,Antonio500
