Eyewear Store,Personal Accessories
Direct Marketing,Camping Equipment
Outdoors Shop,Camping Equipment
Warehouse Store,Outdoor Protection
Personal Accessories,Binoculars
Equipment Rental Store,Golf Equipment
Warehouse Store,Personal Accessories
Sports Store,Personal Accessories
Personal Accessories,Knives
Mountaineering Equipment,Safety
Sports Store,Camping Equipment
Golf Equipment,Putters
Direct Marketing,Outdoor Protection
Golf Shop,Outdoor Protection
Personal Accessories,Watches
Equipment Rental Store,Outdoor Protection
Golf Shop,Personal Accessories
Camping Equipment,Lanterns
Outdoors Shop,Personal Accessories
Camping Equipment,Cooking Gear
Camping Equipment,Tents
Sports Store,Golf Equipment
Department Store,Mountaineering Equipment
Department Store,Outdoor Protection
Outdoor Protection,Insect Repellents
Personal Accessories,Navigation
Camping Equipment,Packs
Outdoors Shop,Outdoor Protection
Equipment Rental Store,Mountaineering Equipment
Golf Shop,Golf Equipment
Direct Marketing,Golf Equipment
Outdoor Protection,First Aid
Department Store,Personal Accessories
Equipment Rental Store,Camping Equipment
Camping Equipment,Sleeping Bags
Outdoors Shop,Mountaineering Equipment
Sports Store,Mountaineering Equipment
Mountaineering Equipment,Tools
Warehouse Store,Camping Equipment
Golf Equipment,Woods
Golf Equipment,Golf Accessories
Equipment Rental Store,Personal Accessories
Department Store,Camping Equipment
Mountaineering Equipment,Climbing Accessories
Sports Store,Outdoor Protection
Warehouse Store,Golf Equipment
Direct Marketing,Personal Accessories
Outdoor Protection,Sunscreen
Eyewear Store,Camping Equipment
Department Store,Golf Equipment
Golf Equipment,Irons
Personal Accessories,Eyewear
Mountaineering Equipment,Rope
